{"cameraMode":{"drawMode":0,"name":"Shaded","section":"Shading Mode"},"sceneLighting":true,"audioPlay":false,"sceneViewState":{"showFog":true,"showMaterialUpdate":false,"showSkybox":true,"showFlares":true,"showImageEffects":true,"showParticleSystems":true},"in2DMode":false,"pivot":{"x":92.3187484741211,"y":64.36866760253906,"z":83.39114379882813},"rotation":{"x":0.21011365950107575,"y":-0.396816223859787,"z":0.09383822977542877,"w":0.8885851502418518},"size":39.24983215332031,"orthographic":true}