{"cameraMode":{"drawMode":0,"name":"Shaded","section":"Shading Mode"},"sceneLighting":false,"audioPlay":false,"sceneViewState":{"showFog":true,"showMaterialUpdate":false,"showSkybox":true,"showFlares":true,"showImageEffects":true,"showParticleSystems":true},"in2DMode":false,"pivot":{"x":69.17900085449219,"y":-8.09525203704834,"z":-59.67489242553711},"rotation":{"x":-0.1262793391942978,"y":-0.11608149856328964,"z":0.01488108467310667,"w":-0.9850671291351318},"size":79.91395568847656,"orthographic":true}