{"cameraMode":{"drawMode":0,"name":"Shaded","section":"Shading Mode"},"sceneLighting":true,"audioPlay":false,"sceneViewState":{"showFog":true,"showMaterialUpdate":false,"showSkybox":true,"showFlares":true,"showImageEffects":true,"showParticleSystems":true},"in2DMode":false,"pivot":{"x":179.40386962890626,"y":38.302955627441409,"z":157.4447021484375},"rotation":{"x":-0.14551284909248353,"y":0.7654840350151062,"z":-0.18611356616020204,"w":-0.5985165238380432},"size":88.93733215332031,"orthographic":true}