{"cameraMode":{"drawMode":0,"name":"Shaded","section":"Shading Mode"},"sceneLighting":true,"audioPlay":false,"sceneViewState":{"showFog":true,"showMaterialUpdate":false,"showSkybox":true,"showFlares":true,"showImageEffects":true,"showParticleSystems":true},"in2DMode":false,"pivot":{"x":132.07174682617188,"y":39.199867248535159,"z":105.56245422363281},"rotation":{"x":-0.2739061117172241,"y":0.7260851263999939,"z":-0.44567257165908816,"w":-0.4462643265724182},"size":168.34503173828126,"orthographic":true}