{"cameraMode":{"drawMode":0,"name":"Shaded","section":"Shading Mode"},"sceneLighting":false,"audioPlay":false,"sceneViewState":{"showFog":true,"showMaterialUpdate":false,"showSkybox":true,"showFlares":true,"showImageEffects":true,"showParticleSystems":true},"in2DMode":false,"pivot":{"x":87.7699966430664,"y":5.25,"z":117.38999938964844},"rotation":{"x":0.2340819090604782,"y":-0.34486639499664309,"z":0.08920376002788544,"w":0.9046079516410828},"size":3.8255765438079836,"orthographic":true}